filename,label
0306fa89.jpg,Barbari
0345e3ca.jpg,Roman
0551a473.jpg,Sawakni
06e1783d.jpg,Barbari
08b9981b.jpg,Barbari
0cfc6a1e.jpg,Goat
100bd43a.jpg,Roman
1081d46a.jpg,Naeimi
10e27bf7.jpg,Roman
11bc3308.jpg,Sawakni
11dbafc4.jpg,Goat
1432d91c.jpg,Barbari
1558450b.jpg,Najdi
163f0957.jpg,Goat
167094c8.jpg,Barbari
16c511c0.jpg,Najdi
16d11d2d.jpg,Roman
175fdb7a.jpg,Barbari
183485e0.jpg,Goat
18a45994.jpg,Roman
21f0f191.jpg,Roman
226dc6ee.jpg,Naeimi
2437c1aa.jpg,Roman
247fb4df.jpg,Goat
24f34b9e.jpg,Sawakni
2735eb07.jpg,Goat
277c7676.jpg,Sawakni
27ca08cb.jpg,Barbari
2b5fa46a.jpg,Goat
2ebc35e2.jpg,Harri
30503f9d.jpg,Harri
33b770d0.jpg,Barbari
33db0590.jpg,Roman
34ad5737.jpg,Roman
34e2f10c.jpg,Najdi
385082b9.jpg,Goat
3b138401.jpg,Goat
3be8b97b.jpg,Harri
3c5436f0.jpg,Naeimi
3f4cd7c8.jpg,Sawakni
417f9c7d.jpg,Naeimi
449c69af.jpg,Harri
4527e608.jpg,Najdi
47385f1a.jpg,Goat
49c7de85.jpg,Goat
4a63e293.jpg,Najdi
4c9138a1.jpg,Sawakni
508df02b.jpg,Goat
50ce0b34.jpg,Sawakni
5334f219.jpg,Goat
5550a0fd.jpg,Sawakni
56728cf9.jpg,Naeimi
596f77ab.jpg,Naeimi
5a59b831.jpg,Roman
5b1a69df.jpg,Roman
5b376777.jpg,Goat
5d3b3719.jpg,Sawakni
5e5865b3.jpg,Roman
6059f28e.jpg,Sawakni
63be3b9a.jpg,Roman
6d66297e.jpg,Sawakni
7049acfe.jpg,Harri
72c3d72f.jpg,Najdi
74b88387.jpg,Goat
7502f7f0.jpg,Roman
76ad059a.jpg,Roman
7bd8fdcb.jpg,Goat
7d1844c5.jpg,Sawakni
7dda15b0.jpg,Naeimi
80e5adf2.jpg,Roman
85fe3a81.jpg,Sawakni
895567eb.jpg,Goat
8bba2746.jpg,Roman
8dbe2536.jpg,Roman
8e619920.jpg,Roman
914de5e2.jpg,Naeimi
915322c7.jpg,Najdi
933339b9.jpg,Harri
93982d6d.jpg,Harri
97e8d52b.jpg,Goat
9bcc92c8.jpg,Goat
9d7898ec.jpg,Najdi
9f66ec17.jpg,Goat
a03784d5.jpg,Roman
a1c8507a.jpg,Roman
a1d8a059.jpg,Najdi
a4263cc6.jpg,Naeimi
a6518778.jpg,Sawakni
a9ed036d.jpg,Roman
a9f4d1c0.jpg,Goat
ab9babec.jpg,Roman
ac05d489.jpg,Goat
ac78a48d.jpg,Goat
acc9295b.jpg,Sawakni
adb8c21c.jpg,Roman
afe59632.jpg,Najdi
b2be18b6.jpg,Sawakni
b2f1cf49.jpg,Goat
b4751008.jpg,Goat
b4bedb08.jpg,Goat
b67d2ccb.jpg,Najdi
b69c3ee4.jpg,Najdi
b9614fa8.jpg,Naeimi
bb126871.jpg,Harri
bd1bd591.jpg,Goat
bd22c104.jpg,Goat
bd342842.jpg,Harri
bed57933.jpg,Harri
c0503460.jpg,Roman
c2fdf153.jpg,Sawakni
c62a73db.jpg,Naeimi
c63d696e.jpg,Najdi
cb231bd3.jpg,Goat
cb41f4d3.jpg,Roman
ccb9c145.jpg,Najdi
cd147b39.jpg,Roman
ce299573.jpg,Goat
cf87528a.jpg,Naeimi
cfb691dc.jpg,Goat
d214d98e.jpg,Harri
d5a8662e.jpg,Goat
d72ea4f1.jpg,Harri
d95f234b.jpg,Barbari
da484961.jpg,Roman
dad481e9.jpg,Barbari
dcd0ef6f.jpg,Sawakni
de3bc302.jpg,Najdi
de561566.jpg,Goat
deecae2a.jpg,Goat
e26ccad9.jpg,Roman
e47217aa.jpg,Naeimi
e8c1e128.jpg,Sawakni
e8ff677c.jpg,Roman
ea04b23e.jpg,Roman
eb8268e5.jpg,Goat
ed9f6250.jpg,Naeimi
f080711d.jpg,Naeimi
f15e7311.jpg,Goat
f3baa5d2.jpg,Barbari
f3e7b1fe.jpg,Roman
faadf33d.jpg,Roman
fbf2e74c.jpg,Sawakni
ff19c491.jpg,Sawakni
ffa67e5c.jpg,Barbari
